{
	"info": {
		"_postman_id": "6866f42b-9414-4f28-87b4-81341399bb6b",
		"name": "Lobster",
		"schema": "https://schema.getpostman.com/json/collection/v2.1.0/collection.json"
	},
	"item": [
		{
			"name": "Get All Lobster",
			"request": {
				"method": "GET",
				"header": [],
				"url": {
					"raw": "localhost:8080/lobster/getAll",
					"host": [
						"localhost"
					],
					"port": "8080",
					"path": [
						"lobster",
						"getAll"
					]
				}
			},
			"response": []
		},
		{
			"name": "Get Lobster by Type",
			"request": {
				"method": "GET",
				"header": [],
				"url": {
					"raw": "localhost:8080/lobster/get?type=Clawed",
					"host": [
						"localhost"
					],
					"port": "8080",
					"path": [
						"lobster",
						"get"
					],
					"query": [
						{
							"key": "type",
							"value": "Clawed"
						}
					]
				}
			},
			"response": []
		},
		{
			"name": "Create Lobster by Type",
			"request": {
				"method": "GET",
				"header": [],
				"url": {
					"raw": "localhost:8080/lobster/create?type=Clawed&lobster=test",
					"host": [
						"localhost"
					],
					"port": "8080",
					"path": [
						"lobster",
						"create"
					],
					"query": [
						{
							"key": "type",
							"value": "Clawed"
						},
						{
							"key": "lobster",
							"value": "test"
						}
					]
				}
			},
			"response": []
		},
		{
			"name": "Delete Lobster by Type",
			"request": {
				"method": "GET",
				"header": [],
				"url": {
					"raw": "localhost:8080/lobster/delete?type=Clawed&lobster=null",
					"host": [
						"localhost"
					],
					"port": "8080",
					"path": [
						"lobster",
						"delete"
					],
					"query": [
						{
							"key": "type",
							"value": "Clawed"
						},
						{
							"key": "lobster",
							"value": "null"
						}
					]
				}
			},
			"response": []
		},
		{
			"name": "Update Lobster by Type",
			"request": {
				"method": "GET",
				"header": [],
				"url": {
					"raw": "localhost:8080/lobster/update?type=Clawed&oldLobster=test&newLobster=test2",
					"host": [
						"localhost"
					],
					"port": "8080",
					"path": [
						"lobster",
						"update"
					],
					"query": [
						{
							"key": "type",
							"value": "Clawed"
						},
						{
							"key": "oldLobster",
							"value": "test"
						},
						{
							"key": "newLobster",
							"value": "test2"
						}
					]
				}
			},
			"response": []
		}
	]
}